{
  "tokens": {
    "OMG": {
      "name": "OmiseGO",
      "decimals": 18,
      "address": "0xd26114cd6EE289AccF82350c8d8487fedB8A0C07"
    },
    "KNC": {
      "name": "KyberNetwork",
      "decimals": 18,
      "address": "0xdd974D5C2e2928deA5F71b9825b8b646686BD200"
    },
    "SNT": {
      "name": "STATUS",
      "decimals": 18,
      "address": "0x744d70fdbe2ba4cf95131626614a1763df805b9e"
    },
    "ELF": {
      "name": "AELF",
      "decimals": 18,
      "address": "0xbf2179859fc6d5bee9bf9158632dc51678a4100e"
    },
    "POWR": {
      "name": "Power Ledger",
      "decimals": 6,
      "address": "0x595832f8fc6bf59c85c527fec3740a1b7a361269"
    },
    "MANA": {
      "name": "MANA",
      "decimals": 18,
      "address": "0x0f5d2fb29fb7d3cfee444a200298f468908cc942"
    },
    "BAT": {
      "name": "Basic Attention Token",
      "decimals": 18,
      "address": "0x0d8775f648430679a709e98d2b0cb6250d2887ef"
    },
    "REQ": {
      "name": "Request",
      "decimals": 18,
      "address": "0x8f8221afbb33998d8584a2b05749ba73c37a938a"
    },
    "GTO": {
      "name": "Gifto",
      "decimals": 5,
      "address": "0xc5bbae50781be1669306b9e001eff57a2957b09d"
    },
    "RDN": {
      "name": "Raiden",
      "decimals": 18,
      "address": "0x255aa6df07540cb5d3d297f0d0d4d84cb52bc8e6"
    },
    "APPC": {
      "name": "AppCoins",
      "decimals": 18,
      "address": "0x1a7a8bd9106f2b8d977e08582dc7d24c723ab0db"
    },
    "ENG": {
      "name": "Enigma",
      "decimals": 8,
      "address": "0xf0ee6b27b759c9893ce4f094b49ad28fd15a23e4",
    },
    "SALT": {
      "name": "Salt",
      "decimals": 8,
      "address": "0x4156d3342d5c385a87d264f90653733592000581"
    },
    "BQX": {
      "name": "Ethos",
      "decimals": 8,
      "address": "0x5Af2Be193a6ABCa9c8817001F45744777Db30756"
    },

    "ADX": {
      "name": "AdEx",
      "decimals": 4,
      "address": "0x4470BB87d77b963A013DB939BE332f927f2b992e"
    },

    "AST": {
      "name": "AirSwap",
      "decimals": 4,
      "address": "0x27054b13b1b798b345b591a4d22e6562d47ea75a"
    },

    "RCN": {
      "name": "Ripio Credit Network",
      "decimals": 18,
      "address": "0xf970b8e36e23f7fc3fd752eea86f8be8d83375a6"
    },

    "ZIL": {
      "name": "Zilliqa",
      "decimals": 12,
      "address": "0x05f4a42e251f2d52b8ed15e9fedaacfcef1fad27"
    },

    "DAI": {
      "name" : "DAI",
      "decimals": 18,
      "address": "0x89d24a6b4ccb1b6faa2625fe562bdd9a23260359"
    },

    "LINK": {
      "name": "Chain Link",
      "decimals": 18,
      "address": "0x514910771af9ca656af840dff83e8264ecf986ca"
    },
    "IOST": {
      "name": "IOStoken",
      "decimals": 18,
      "address": "0xfa1a856cfa3409cfa145fa4e20eb270df3eb21ab"
    },
    "STORM": {
      "name": "Storm",
      "decimals": 18,
      "address": "0xd0a4b8946cb52f0661273bfbc6fd0e0c75fc6433"
    },
    "MOT": {
      "name": "Olympus Labs",
      "decimals": 18,
      "address": "0x263c618480dbe35c300d8d5ecda19bbb986acaed"
    },
    "DGX": {
      "name": "Digix Gold",
      "decimals": 9,
      "address": "0x4f3afec4e5a3f2a6a1a411def7d7dfe50ee057bf"
    },
    "ABT": {
      "name": "ArcBlock",
      "decimals": 18,
      "address": "0xb98d4c97425d9908e66e53a6fdf673acca0be986"
    },
    "ENJ": {
      "name": "EnjinCoin",
      "decimals": 18,
      "address": "0xf629cbd94d3791c9250152bd8dfbdf380e2a3b9c"
    },
    "AION": {
      "name": "Aion",
      "decimals": 8,
      "address": "0x4CEdA7906a5Ed2179785Cd3A40A69ee8bc99C466"
    },
    "AE": {
      "name": "Aeternity",
      "decimals": 18,
      "address": "0x5ca9a71b1d01849c0a95490cc00559717fcf0d1d"
    },
    "BLZ": {
      "name": "Bluezelle",
      "decimals": 18,
      "address": "0x5732046a883704404f284ce41ffadd5b007fd668"
    },
    "PAL": {
      "name": "PolicyPal Network",
      "decimals": 18,
      "address": "0xfedae5642668f8636a11987ff386bfd215f942ee"
    },
    "ELEC": {
      "name": "ElectrifyAsia",
      "decimals": 18,
      "address": "0xd49ff13661451313ca1553fd6954bd1d9b6e02b9"
    },
    "BBO": {
      "name": "Bigbom",
      "decimals": 18,
      "address": "0x84f7c44b6fed1080f647e354d552595be2cc602f"
    },
    "ETH": {
      "name": "Ethereum",
      "decimals": 18,
      "address": "0xeeeeeeeeeeeeeeeeeeeeeeeeeeeeeeeeeeeeeeee"
    }
  },
  "reserve": "0x63825c174ab367968EC60f061753D3bbD36A0D8F",
  "pricing": "0x798AbDA6Cc246D0EDbA912092A2a3dBd3d11191B",
  "pricing wrapper":"0x97b82E42a0c04bAd5E61e7cFb4806317d608D809",
  "network": "0x964F35fAe36d75B1e72770e244F6595B68508CF5",
  "wrapper": "0x6172AFC8c00c46E0D07ce3AF203828198194620a",
  "feeburner": "0x07f6e905f2a1559cd9fd43cb92f8a1062a3ca706",
  "whitelist" : "0x6e106a75d369d09a9ea1dcc16da844792aa669a3"
}
