{
    "public": {
        "resolver": "0x1da022710dF5002339274AaDEe8D58218e9D6AB5",
        "reverse": "0x9062c0a6dbd6108336bcbe4593a3d1ce05512069",
        "ethAuction": "0x6090a6e47849629b7245dfa1ca21d94cd15878ef",
        "subDomain": {
            "domains": [{
                "name": "etherbase",
                "version": "1.0",
                "registrar": "0x0b07463b30b302a98407d3E3dF85EBC073B0DBd1"
            }, {
                "name": "gimmethe",
                "version": "1.0",
                "registrar": "0x0b07463b30b302a98407d3E3dF85EBC073B0DBd1"
            }, {
                "name": "extravagant",
                "version": "1.0",
                "registrar": "0x0b07463b30b302a98407d3E3dF85EBC073B0DBd1"
            }, {
                "name": "sendmecrypto",
                "version": "1.0",
                "registrar": "0x0b07463b30b302a98407d3E3dF85EBC073B0DBd1"
            }, {
                "name": "appleid",
                "version": "0.9",
                "registrar": "0xFA6512358d241B636EDF5F8cCaaF86676DEC21A7"
            }, {
                "name": "atdiscord",
                "version": "0.9",
                "registrar": "0xFA6512358d241B636EDF5F8cCaaF86676DEC21A7"
            }, {
                "name": "atdtube",
                "version": "0.9",
                "registrar": "0xFA6512358d241B636EDF5F8cCaaF86676DEC21A7"
            }, {
                "name": "atdistrict0x",
                "version": "0.9",
                "registrar": "0xFA6512358d241B636EDF5F8cCaaF86676DEC21A7"
            }, {
                "name": "atethereum",
                "version": "0.9",
                "registrar": "0xFA6512358d241B636EDF5F8cCaaF86676DEC21A7"
            }, {
                "name": "atfacebook",
                "version": "0.9",
                "registrar": "0xFA6512358d241B636EDF5F8cCaaF86676DEC21A7"
            }, {
                "name": "aticloud",
                "version": "0.9",
                "registrar": "0xFA6512358d241B636EDF5F8cCaaF86676DEC21A7"
            }, {
                "name": "atinstagram",
                "version": "0.9",
                "registrar": "0xFA6512358d241B636EDF5F8cCaaF86676DEC21A7"
            }, {
                "name": "atleeroy",
                "version": "0.9",
                "registrar": "0xFA6512358d241B636EDF5F8cCaaF86676DEC21A7"
            }, {
                "name": "atmedium",
                "version": "0.9",
                "registrar": "0xFA6512358d241B636EDF5F8cCaaF86676DEC21A7"
            }, {
                "name": "atopenbazaar",
                "version": "0.9",
                "registrar": "0xFA6512358d241B636EDF5F8cCaaF86676DEC21A7"
            }, {
                "name": "atreddit",
                "version": "0.9",
                "registrar": "0xFA6512358d241B636EDF5F8cCaaF86676DEC21A7"
            }, {
                "name": "atrocketchat",
                "version": "0.9",
                "registrar": "0xFA6512358d241B636EDF5F8cCaaF86676DEC21A7"
            }, {
                "name": "atslack",
                "version": "0.9",
                "registrar": "0xFA6512358d241B636EDF5F8cCaaF86676DEC21A7"
            }, {
                "name": "atskype",
                "version": "0.9",
                "registrar": "0xFA6512358d241B636EDF5F8cCaaF86676DEC21A7"
            }, {
                "name": "atsnapchat",
                "version": "0.9",
                "registrar": "0xFA6512358d241B636EDF5F8cCaaF86676DEC21A7"
            }, {
                "name": "atsteemit",
                "version": "0.9",
                "registrar": "0xFA6512358d241B636EDF5F8cCaaF86676DEC21A7"
            }, {
                "name": "attelegram",
                "version": "0.9",
                "registrar": "0xFA6512358d241B636EDF5F8cCaaF86676DEC21A7"
            }, {
                "name": "attwitter",
                "version": "0.9",
                "registrar": "0xFA6512358d241B636EDF5F8cCaaF86676DEC21A7"
            }, {
                "name": "atwechat",
                "version": "0.9",
                "registrar": "0xFA6512358d241B636EDF5F8cCaaF86676DEC21A7"
            }, {
                "name": "atwhatsapp",
                "version": "0.9",
                "registrar": "0xFA6512358d241B636EDF5F8cCaaF86676DEC21A7"
            }, {
                "name": "atyoutube",
                "version": "0.9",
                "registrar": "0xFA6512358d241B636EDF5F8cCaaF86676DEC21A7"
            }, {
                "name": "buymecoffee",
                "version": "0.9",
                "registrar": "0xFA6512358d241B636EDF5F8cCaaF86676DEC21A7"
            }, {
                "name": "ethereumpurse",
                "version": "0.9",
                "registrar": "0xFA6512358d241B636EDF5F8cCaaF86676DEC21A7"
            }, {
                "name": "ishername",
                "version": "0.9",
                "registrar": "0xFA6512358d241B636EDF5F8cCaaF86676DEC21A7"
            }, {
                "name": "satoshiwallet",
                "version": "0.9",
                "registrar": "0xFA6512358d241B636EDF5F8cCaaF86676DEC21A7"
            }, {
                "name": "smartaddress",
                "version": "0.9",
                "registrar": "0xFA6512358d241B636EDF5F8cCaaF86676DEC21A7"
            }, {
                "name": "thisisme",
                "version": "0.9",
                "registrar": "0xFA6512358d241B636EDF5F8cCaaF86676DEC21A7"
            }, {
                "name": "viewwallet",
                "version": "0.9",
                "registrar": "0xFA6512358d241B636EDF5F8cCaaF86676DEC21A7"
            }, {
                "name": "yourass",
                "version": "0.9",
                "registrar": "0xFA6512358d241B636EDF5F8cCaaF86676DEC21A7"
            }],
            "tld": "eth"
        }
    },
    "registry": "0x314159265dD8dbb310642f98f50C066173C1259b"
}